ZeRO Stage,Tokens/sec,GPU Util (%),MFU (%),Tokens/Step,Efficiency Score
0,2539736.3947371705,98.65833333333333,99.99736914542002,32768,24228779.60298247
1,2506467.0024064654,98.81666666666666,99.99735837983621,32768,21270354.74733655
2,183760.75407561575,99.92561983471074,51.850361656370545,32768,1816261.8431391823
3,233273.6303954323,98.41322314049587,62.946778395703554,32768,2165480.2450174293
