ZeRO Stage,FWD (ms),BWD (ms),Step (ms),Iter Time (ms),FWD %,BWD %,Step %
0,39.19475797017415,62.11240898768107,2.298504556715488,103.61450379689535,37.82748219014157,59.94567045308011,2.2183231811069666
1,39.86843547821045,62.877673053741454,2.0761647909879684,104.8307861328125,38.03122818109961,59.98015981114584,1.9804914830626452
2,38.30887857988925,1386.3122240605644,1.947618374270248,1426.5772330191141,2.685370107779925,97.17750935409676,0.13652386489783216
3,388.89190972446613,726.9737724165487,16.86793202893058,1132.7434476288083,34.331861335286504,64.17814854178461,1.4891220129536407
