stage,total_time_s,iteration_time_ms,throughput_tps,peak_gb,alloc_gb,gpu_util,compute_ms,comm_ms,comm_pct,compute_comm_ratio,mfu_pct
0,12.433740455627442,103.61450379689535,2539736.3947371705,10.3416748046875,1.6767956813176472,98.65833333333333,807.7010833333334,0.021249999999999998,0.002609275887323309,38009.46274509805,99.99736914542002
1,12.5796943359375,104.8307861328125,2506467.0024064654,11.6444091796875,1.989229385058085,98.81666666666666,817.0275,0.021583333333333333,0.002629506302109779,37854.555984555984,99.99735837983621
2,172.6158451953128,1426.5772330191141,183760.75407561575,10.11,1.1920585180917356,99.92561983471074,11325.636275594412,10506.366697256388,47.754248582288675,1.0779783917642973,51.876304202039606
3,137.06195716308582,1132.7434476288083,233273.6303954323,10.6014404297,1.5206530591223142,98.41322314049587,9020.781261611812,5318.595949606148,37.25835722169072,1.6960832044930614,62.90915657448978
