ZeRO Stage,Comm % (Main),Comm % (Microstep),Compute Efficiency (%)
0,0.002609275887323309,6.025556491952173,93.96725009365885
1,0.002629506302109779,6.02304630379482,93.77983243686903
2,47.754248582288675,48.17698431295157,51.62573501045305
3,37.25835722169072,37.240235286311545,62.27674399221414
