ZeRO Stage,Peak VRAM (GB),Model Size (M params),Memory Reduction (%)
0,10.3416748046875,51.21,0.0
1,11.6444091796875,51.21,-12.596938113056103
2,10.11,51.21,2.240205857009649
3,10.6014404297,51.21,-2.511833237057097
