ZeRO Stage,Comm % (Main),Comm % (Microstep),Compute Efficiency (%)
0,1.916467325320538,6.025556491949411,93.96725009365885
1,1.813826118781478,6.0230463037920465,93.77983243686903
2,0.11047095523783786,48.176984312929655,51.62573501045305
3,0.7248529402049586,37.2402352862856,62.27674399221414
