ZeRO Stage,Total Time (s),Step Time (ms),Throughput (tokens/s),Peak VRAM (GB),Alloc VRAM (GB),GPU Util (%),Compute Time (ms),Comm Time (ms),Comm %,Compute/Comm Ratio,MFU (%)
0,12.433740455627442,103.61450379689535,2539736.3947371705,10.3416748046875,1.6767956813176472,98.65833333333333,807.7010833333334,0.021249999999999998,1.916467325320538,38009.46274509805,99.99736914542002
1,12.5796943359375,104.8307861328125,2506467.0024064654,11.6444091796875,1.989229385058085,98.81666666666666,817.0275,0.021583333333333333,1.813826118781478,37854.555984555984,99.99735837983621
2,172.6158451953128,1426.5772330191141,183760.75407561575,10.11,1.1920585180917356,99.92561983471074,11408.139083333333,10593.904333333334,0.11047095523783786,1.0768587976991675,51.850361656370545
3,137.06195716308582,1132.7434476288083,233273.6303954323,10.6014404297,1.5206530591223142,98.41322314049587,9086.4815,5348.699666666666,0.7248529402049586,1.698820660398518,62.946778395703554
